{"stats":{"minecraft:picked_up":{"born_in_chaos_v1:corpse_maggot":3,"minecraft:sandstone_slab":2,"minecraft:turtle_helmet":1,"biomesoplenty:dead_log":12,"ars_nouveau:blue_archwood_sapling":10,"paraglider:spirit_orb":4,"minecraft:oak_log":3,"minecraft:chainmail_chestplate":2,"minecraft:shield":3,"minecraft:string":2,"minecraft:iron_axe":1,"minecraft:wooden_sword":1,"minecraft:bone":20,"minecraft:apple":3,"minecraft:stone_bricks":45,"minecraft:bow":4,"minecraft:cracked_stone_bricks":19,"minecraft:rose_bush":25,"minecraft:iron_pickaxe":2,"delightful:green_tea_leaf":5,"minecraft:sugar_cane":3,"minecraft:chest":1,"minecraft:iron_sword":2,"minecraft:oak_planks":7,"minecraft:spruce_trapdoor":1,"minecraft:tipped_arrow":4,"minecraft:stick":19,"ars_nouveau:purple_archwood_log":49,"apotheosis:gem":1,"born_in_chaos_v1:shattered_skull":2,"irons_spellbooks:frozen_bone":27,"minecraft:gravel":11,"ars_nouveau:blue_archwood_log":69,"ars_nouveau:purple_archwood_sapling":6,"minecraft:stripped_spruce_log":1,"minecraft:blast_furnace":1,"minecraft:trident":1,"minecraft:cyan_bed":3,"minecraft:spider_eye":4,"minecraft:arrow":7,"minecraft:rotten_flesh":8,"born_in_chaos_v1:wood_splitter_axe":2,"minecraft:chainmail_leggings":1,"alltheores:raw_aluminum":8,"minecraft:bread":3,"minecraft:rooted_dirt":8,"minecraft:iron_bars":9,"minecraft:cobblestone":16,"minecraft:ender_pearl":1},"minecraft:mined":{"minecraft:dandelion":1,"minecraft:spruce_trapdoor":1,"minecraft:rose_bush":51,"minecraft:tall_grass":1,"minecraft:cyan_bed":2,"minecraft:oak_planks":3,"minecraft:oxeye_daisy":1,"minecraft:spawner":3,"ars_nouveau:blue_archwood_log":70,"minecraft:grass":32,"biomesoplenty:dead_log":6,"minecraft:oak_log":1,"minecraft:iron_bars":1,"minecraft:cracked_stone_bricks":8,"alltheores:aluminum_ore":8,"minecraft:stone":13,"minecraft:stone_bricks":6,"ars_nouveau:purple_archwood_log":68},"minecraft:custom":{"minecraft:interact_with_furnace":4,"minecraft:mob_kills":22,"minecraft:interact_with_crafting_table":1,"minecraft:damage_dealt_resisted":0,"minecraft:leave_game":4,"minecraft:time_since_death":15147,"minecraft:sleep_in_bed":1,"minecraft:climb_one_cm":282,"minecraft:damage_resisted":0,"minecraft:time_since_rest":16733,"minecraft:sprint_one_cm":11189,"minecraft:damage_taken":2018,"minecraft:walk_one_cm":265715,"minecraft:drop":50,"minecraft:damage_dealt":3864,"minecraft:fly_one_cm":16971,"minecraft:talked_to_villager":1,"minecraft:open_chest":2,"minecraft:crouch_one_cm":22514,"minecraft:play_time":120379,"minecraft:deaths":1,"minecraft:sneak_time":4979,"minecraft:walk_under_water_one_cm":691,"minecraft:jump":247,"minecraft:walk_on_water_one_cm":1714,"minecraft:total_world_time":120379,"minecraft:fall_one_cm":5233},"minecraft:killed":{"minecraft:cave_spider":1,"minecraft:pig":1,"minecraft:zombie_villager":1,"minecraft:skeleton":7,"minecraft:zombie":1,"minecraft:stray":9,"undead_revamp2:sucker":1},"minecraft:crafted":{"minecraft:cooked_beef":4},"minecraft:broken":{"minecraft:chainmail_leggings":1},"minecraft:used":{"minecraft:trident":4,"minecraft:iron_bars":1,"minecraft:iron_sword":90,"minecraft:cooked_salmon":5,"minecraft:cracked_stone_bricks":3,"minecraft:chainmail_chestplate":1,"born_in_chaos_v1:corpse_maggot":3,"minecraft:bread":4,"minecraft:cyan_bed":2,"minecraft:rooted_dirt":2,"minecraft:iron_axe":144,"minecraft:iron_pickaxe":39,"minecraft:spruce_trapdoor":1,"minecraft:gravel":2,"delightful:green_tea_leaf":3,"minecraft:potion":1,"alexsmobs:animal_dictionary":2,"born_in_chaos_v1:wood_splitter_axe":6,"minecraft:cooked_beef":4},"minecraft:dropped":{"minecraft:gravel":8,"minecraft:iron_sword":1,"minecraft:stripped_spruce_log":1,"born_in_chaos_v1:wood_splitter_axe":1,"born_in_chaos_v1:shattered_skull":2,"minecraft:glass_bottle":1,"minecraft:rotten_flesh":8,"minecraft:rooted_dirt":6,"delightful:green_tea_leaf":2,"minecraft:cracked_stone_bricks":16,"minecraft:chainmail_chestplate":1,"minecraft:shield":2,"minecraft:spider_eye":4,"minecraft:stone_bricks":30,"alltheores:raw_aluminum":8,"minecraft:iron_bars":8,"minecraft:bow":2,"minecraft:iron_pickaxe":1,"minecraft:string":2,"biomesoplenty:dead_log":6}},"DataVersion":3465}