{"stats":{"minecraft:used":{"minecraft:trident":4,"minecraft:iron_bars":1,"minecraft:iron_sword":90,"minecraft:cooked_salmon":5,"minecraft:chainmail_chestplate":1,"minecraft:carrot":7,"born_in_chaos_v1:corpse_maggot":3,"minecraft:rooted_dirt":2,"minecraft:iron_axe":144,"supplementaries:pancake":1,"delightful:green_tea_leaf":3,"minecraft:cooked_beef":4,"minecraft:cracked_stone_bricks":3,"minecraft:sand":3,"minecraft:cyan_bed":2,"minecraft:bread":4,"minecraft:iron_pickaxe":52,"minecraft:spruce_trapdoor":1,"minecraft:gravel":2,"quark:apple_crate":1,"minecraft:potion":1,"minecraft:sandstone_slab":2,"born_in_chaos_v1:wood_splitter_axe":6,"alexsmobs:animal_dictionary":2,"supplementaries:slice_map":1},"minecraft:killed":{"minecraft:cave_spider":1,"minecraft:skeleton":7,"undead_revamp2:sucker":1,"minecraft:pig":1,"minecraft:zombie_villager":1,"minecraft:zombie":1,"minecraft:stray":9},"minecraft:custom":{"minecraft:mob_kills":22,"minecraft:interact_with_crafting_table":1,"minecraft:open_barrel":1,"minecraft:damage_dealt_resisted":0,"minecraft:leave_game":13,"minecraft:time_since_death":30386,"minecraft:climb_one_cm":1097,"minecraft:damage_resisted":0,"minecraft:sprint_one_cm":24406,"minecraft:walk_one_cm":428911,"minecraft:drop":59,"minecraft:talked_to_villager":1,"minecraft:play_time":193133,"minecraft:deaths":5,"minecraft:sneak_time":5253,"minecraft:walk_under_water_one_cm":879,"minecraft:jump":394,"minecraft:walk_on_water_one_cm":1832,"minecraft:total_world_time":193133,"minecraft:interact_with_furnace":4,"minecraft:interact_with_stonecutter":2,"minecraft:sleep_in_bed":1,"minecraft:time_since_rest":30429,"minecraft:damage_taken":4568,"minecraft:damage_dealt":3864,"minecraft:fly_one_cm":79331,"minecraft:open_chest":41,"minecraft:crouch_one_cm":22849,"minecraft:fall_one_cm":30304,"minecraft:inspect_dispenser":3},"minecraft:broken":{"minecraft:chainmail_leggings":1},"minecraft:dropped":{"minecraft:stripped_spruce_log":1,"minecraft:iron_sword":1,"born_in_chaos_v1:wood_splitter_axe":1,"born_in_chaos_v1:shattered_skull":2,"create:empty_schematic":1,"minecraft:glass_bottle":1,"minecraft:rooted_dirt":6,"delightful:green_tea_leaf":2,"minecraft:cracked_stone_bricks":16,"gravestone:obituary":6,"alltheores:raw_aluminum":8,"minecraft:iron_axe":1,"minecraft:iron_pickaxe":1,"minecraft:string":2,"minecraft:gravel":8,"minecraft:rotten_flesh":8,"minecraft:chainmail_chestplate":1,"minecraft:filled_map":1,"minecraft:shield":2,"minecraft:spider_eye":4,"minecraft:stone_bricks":30,"minecraft:iron_bars":8,"minecraft:bow":2,"biomesoplenty:dead_log":6},"minecraft:mined":{"minecraft:blue_carpet":3,"supplementaries:planter":5,"minecraft:light_blue_carpet":6,"minecraft:spruce_trapdoor":1,"gravestone:gravestone":4,"minecraft:decorated_pot":1,"supplementaries:pedestal":1,"minecraft:oxeye_daisy":1,"minecraft:spawner":3,"minecraft:furnace":1,"minecraft:packed_mud":1,"minecraft:iron_bars":1,"minecraft:lantern":2,"supplementaries:jar":2,"alltheores:aluminum_ore":8,"minecraft:stone":13,"ars_nouveau:purple_archwood_log":68,"supplementaries:statue":2,"minecraft:dandelion":1,"minecraft:chest":3,"minecraft:rose_bush":51,"minecraft:tall_grass":1,"minecraft:cyan_bed":2,"minecraft:oak_planks":3,"ars_nouveau:blue_archwood_log":70,"quark:apple_crate":1,"minecraft:grass":32,"biomesoplenty:dead_log":6,"minecraft:oak_log":1,"supplementaries:pancake":1,"minecraft:cracked_stone_bricks":8,"minecraft:stonecutter":1,"minecraft:stone_bricks":6},"minecraft:crafted":{"minecraft:cooked_beef":4},"minecraft:killed_by":{"minecraft:husk":1},"minecraft:picked_up":{"sophisticatedbackpacks:gold_backpack":1,"minecraft:wheat":3,"minecraft:allium":7,"minecraft:sandstone_slab":2,"minecraft:anvil":1,"minecraft:turtle_helmet":1,"ars_nouveau:blue_archwood_sapling":10,"minecraft:enchanted_book":1,"gravestone:obituary":3,"minecraft:brick":2,"create:red_toolbox":1,"minecraft:shield":3,"supplementaries:jar":2,"minecraft:string":2,"supplementaries:planter":5,"minecraft:iron_axe":2,"minecraft:wooden_sword":1,"supplementaries:statue":2,"minecraft:cracked_stone_bricks":19,"minecraft:rose_bush":25,"minecraft:iron_pickaxe":2,"delightful:green_tea_leaf":5,"minecraft:sugar_cane":3,"minecraft:chest":4,"minecraft:spruce_trapdoor":1,"minecraft:furnace":1,"minecraft:tipped_arrow":4,"minecraft:stick":19,"apotheosis:gem":1,"ars_nouveau:purple_archwood_log":49,"born_in_chaos_v1:shattered_skull":2,"supplementaries:pedestal":1,"minecraft:spruce_fence":1,"ars_nouveau:blue_archwood_log":69,"ars_nouveau:purple_archwood_sapling":6,"minecraft:trident":2,"minecraft:carrot":64,"minecraft:blue_carpet":3,"minecraft:arrow":7,"minecraft:rotten_flesh":8,"born_in_chaos_v1:wood_splitter_axe":2,"farmersdelight:onion":1,"minecraft:iron_bars":9,"minecraft:blaze_powder":1,"minecraft:cobblestone":16,"create:copycat_step":4,"supplementaries:hat_stand":1,"born_in_chaos_v1:corpse_maggot":3,"create:iron_sheet":1,"biomesoplenty:dead_log":12,"paraglider:spirit_orb":4,"minecraft:oak_log":3,"minecraft:chainmail_chestplate":2,"minecraft:paper":5,"minecraft:lantern":2,"supplementaries:doormat":1,"minecraft:bone":20,"minecraft:apple":3,"minecraft:stone_bricks":45,"minecraft:stonecutter":1,"minecraft:bow":4,"minecraft:wheat_seeds":7,"minecraft:blade_pottery_sherd":1,"minecraft:iron_sword":2,"minecraft:arms_up_pottery_sherd":1,"quark:apple_crate":1,"minecraft:oak_planks":7,"irons_spellbooks:frozen_bone":27,"alexsmobs:falconry_hood":1,"quark:glass_item_frame":3,"alexsmobs:falconry_glove":1,"minecraft:gravel":11,"minecraft:sand":3,"minecraft:stripped_spruce_log":1,"minecraft:blast_furnace":1,"minecraft:cyan_bed":3,"minecraft:spider_eye":4,"born_in_chaos_v1:fire_dust":2,"minecraft:light_blue_carpet":6,"minecraft:chainmail_leggings":1,"alltheores:raw_aluminum":8,"minecraft:bread":3,"minecraft:rooted_dirt":8,"minecraft:ender_pearl":1}},"DataVersion":3465}