{"stats":{"minecraft:used":{"minecraft:iron_bars":1,"minecraft:iron_sword":90,"minecraft:cooked_salmon":5,"minecraft:cracked_stone_bricks":3,"minecraft:sand":3,"minecraft:chainmail_chestplate":1,"minecraft:carrot":7,"born_in_chaos_v1:corpse_maggot":3,"minecraft:bread":4,"minecraft:cyan_bed":2,"minecraft:rooted_dirt":2,"minecraft:iron_axe":144,"minecraft:iron_pickaxe":49,"minecraft:spruce_trapdoor":1,"minecraft:gravel":2,"delightful:green_tea_leaf":3,"minecraft:potion":1,"alexsmobs:animal_dictionary":2,"born_in_chaos_v1:wood_splitter_axe":6,"minecraft:sandstone_slab":2,"minecraft:cooked_beef":4,"minecraft:trident":4},"minecraft:killed":{"minecraft:cave_spider":1,"minecraft:pig":1,"minecraft:zombie_villager":1,"minecraft:skeleton":7,"minecraft:zombie":1,"minecraft:stray":9,"undead_revamp2:sucker":1},"minecraft:custom":{"minecraft:mob_kills":22,"minecraft:interact_with_crafting_table":1,"minecraft:damage_dealt_resisted":0,"minecraft:leave_game":9,"minecraft:time_since_death":0,"minecraft:sleep_in_bed":1,"minecraft:climb_one_cm":282,"minecraft:damage_resisted":0,"minecraft:time_since_rest":288,"minecraft:sprint_one_cm":15581,"minecraft:damage_taken":2876,"minecraft:walk_one_cm":339974,"minecraft:drop":51,"minecraft:damage_dealt":3864,"minecraft:fly_one_cm":24009,"minecraft:talked_to_villager":1,"minecraft:open_chest":20,"minecraft:crouch_one_cm":22534,"minecraft:play_time":158001,"minecraft:deaths":4,"minecraft:sneak_time":5060,"minecraft:walk_under_water_one_cm":879,"minecraft:jump":318,"minecraft:walk_on_water_one_cm":1832,"minecraft:total_world_time":158001,"minecraft:fall_one_cm":9075,"minecraft:interact_with_furnace":4},"minecraft:broken":{"minecraft:chainmail_leggings":1},"minecraft:dropped":{"minecraft:gravel":8,"minecraft:iron_sword":1,"minecraft:stripped_spruce_log":1,"born_in_chaos_v1:wood_splitter_axe":1,"born_in_chaos_v1:shattered_skull":2,"minecraft:glass_bottle":1,"minecraft:rotten_flesh":8,"minecraft:rooted_dirt":6,"delightful:green_tea_leaf":2,"minecraft:cracked_stone_bricks":16,"minecraft:chainmail_chestplate":1,"minecraft:shield":2,"minecraft:spider_eye":4,"minecraft:stone_bricks":30,"alltheores:raw_aluminum":8,"minecraft:iron_bars":8,"minecraft:iron_axe":1,"minecraft:bow":2,"minecraft:iron_pickaxe":1,"minecraft:string":2,"biomesoplenty:dead_log":6},"minecraft:mined":{"supplementaries:planter":5,"minecraft:dandelion":1,"minecraft:spruce_trapdoor":1,"gravestone:gravestone":1,"minecraft:chest":3,"minecraft:rose_bush":51,"minecraft:tall_grass":1,"supplementaries:pedestal":1,"minecraft:cyan_bed":2,"minecraft:oak_planks":3,"minecraft:oxeye_daisy":1,"minecraft:spawner":3,"ars_nouveau:blue_archwood_log":70,"minecraft:packed_mud":1,"minecraft:furnace":1,"minecraft:grass":32,"biomesoplenty:dead_log":6,"minecraft:oak_log":1,"minecraft:iron_bars":1,"minecraft:lantern":2,"supplementaries:jar":2,"minecraft:cracked_stone_bricks":8,"alltheores:aluminum_ore":8,"minecraft:stone":13,"minecraft:stone_bricks":6,"minecraft:stonecutter":1,"ars_nouveau:purple_archwood_log":68},"minecraft:crafted":{"minecraft:cooked_beef":4},"minecraft:killed_by":{"minecraft:husk":1},"minecraft:picked_up":{"create:copycat_step":4,"sophisticatedbackpacks:gold_backpack":1,"supplementaries:hat_stand":1,"born_in_chaos_v1:corpse_maggot":3,"minecraft:allium":2,"create:iron_sheet":1,"minecraft:wheat":3,"minecraft:sandstone_slab":2,"minecraft:turtle_helmet":1,"biomesoplenty:dead_log":12,"ars_nouveau:blue_archwood_sapling":10,"paraglider:spirit_orb":4,"minecraft:oak_log":3,"minecraft:chainmail_chestplate":2,"gravestone:obituary":1,"create:red_toolbox":1,"minecraft:shield":3,"supplementaries:jar":2,"supplementaries:planter":5,"minecraft:string":2,"minecraft:paper":5,"minecraft:lantern":2,"minecraft:iron_axe":2,"minecraft:wooden_sword":1,"minecraft:bone":20,"minecraft:apple":3,"minecraft:stone_bricks":45,"minecraft:bow":4,"minecraft:stonecutter":1,"minecraft:cracked_stone_bricks":19,"minecraft:wheat_seeds":7,"minecraft:rose_bush":25,"minecraft:iron_pickaxe":2,"delightful:green_tea_leaf":5,"minecraft:sugar_cane":3,"minecraft:chest":4,"minecraft:iron_sword":2,"minecraft:oak_planks":7,"minecraft:spruce_trapdoor":1,"minecraft:furnace":1,"minecraft:tipped_arrow":4,"minecraft:stick":19,"ars_nouveau:purple_archwood_log":49,"apotheosis:gem":1,"born_in_chaos_v1:shattered_skull":2,"irons_spellbooks:frozen_bone":27,"minecraft:spruce_fence":1,"supplementaries:pedestal":1,"minecraft:gravel":11,"ars_nouveau:purple_archwood_sapling":6,"ars_nouveau:blue_archwood_log":69,"minecraft:sand":3,"minecraft:stripped_spruce_log":1,"minecraft:blast_furnace":1,"minecraft:trident":1,"minecraft:carrot":64,"minecraft:cyan_bed":3,"minecraft:spider_eye":4,"minecraft:arrow":7,"minecraft:rotten_flesh":8,"born_in_chaos_v1:wood_splitter_axe":2,"farmersdelight:onion":1,"alltheores:raw_aluminum":8,"minecraft:chainmail_leggings":1,"minecraft:bread":3,"minecraft:rooted_dirt":8,"minecraft:iron_bars":9,"minecraft:cobblestone":16,"minecraft:ender_pearl":1}},"DataVersion":3465}