{"stats":{"minecraft:picked_up":{"minecraft:iron_chestplate":1,"minecraft:crafting_table":1,"minecraft:sandstone_slab":3,"minecraft:stone_brick_stairs":5,"gravestone:obituary":2,"minecraft:shield":1,"minecraft:string":4,"minecraft:item_frame":2,"minecraft:cracked_stone_bricks":12,"minecraft:beef":18,"minecraft:rose_bush":5,"minecraft:iron_pickaxe":1,"supplementaries:rope":2,"minecraft:chest":1,"minecraft:furnace":1,"ars_nouveau:purple_archwood_log":11,"minecraft:tipped_arrow":4,"minecraft:stick":8,"minecraft:raw_iron":10,"apotheosis:gem":2,"born_in_chaos_v1:shattered_skull":1,"minecraft:jungle_door":2,"quark:azalea_leaf_carpet":1,"minecraft:porkchop":3,"ars_nouveau:purple_archwood_sapling":1,"minecraft:carrot":254,"minecraft:orange_bed":11,"minecraft:stone_sword":1,"minecraft:arrow":37,"minecraft:rotten_flesh":10,"born_in_chaos_v1:wood_splitter_axe":2,"farmersdelight:onion":4,"minecraft:hay_block":7,"minecraft:white_wool":1,"minecraft:cobblestone":53,"born_in_chaos_v1:corpse_maggot":10,"minecraft:golden_carrot":1,"born_in_chaos_v1:monster_flesh":2,"minecraft:jungle_log":2,"minecraft:leather":3,"minecraft:smoker":3,"minecraft:potato":5,"paraglider:spirit_orb":2,"minecraft:oak_log":2,"minecraft:chainmail_chestplate":1,"minecraft:gunpowder":1,"farmersdelight:skillet":1,"minecraft:dirt":125,"born_in_chaos_v1:monster_skin":2,"minecraft:smooth_sandstone":2,"minecraft:bone":32,"minecraft:stone_bricks":22,"farmersdelight:cooking_pot":2,"minecraft:bow":4,"minecraft:wheat_seeds":2,"minecraft:iron_sword":2,"minecraft:oak_planks":28,"minecraft:book":3,"minecraft:dark_oak_slab":1,"irons_spellbooks:frozen_bone":1,"minecraft:gravel":6,"minecraft:blast_furnace":1,"minecraft:cyan_bed":2,"minecraft:chainmail_leggings":3,"alltheores:raw_aluminum":8,"quark:sandstone_bricks":1,"minecraft:bread":1,"minecraft:emerald":1,"minecraft:terracotta":1,"minecraft:baked_potato":16,"minecraft:dark_oak_fence":1},"minecraft:mined":{"create:spruce_window_pane":1,"minecraft:polished_granite_slab":1,"minecraft:spruce_planks":3,"farmersdelight:wild_carrots":1,"gravestone:gravestone":6,"minecraft:granite":2,"minecraft:dark_oak_fence":1,"minecraft:grass_block":9,"minecraft:sandstone":2,"minecraft:hay_block":7,"farmersdelight:wild_onions":4,"supplementaries:rope":4,"quark:sandstone_bricks":1,"minecraft:furnace":1,"minecraft:carrots":51,"minecraft:iron_ore":10,"minecraft:fire":3,"minecraft:stripped_spruce_log":1,"minecraft:bookshelf":1,"minecraft:azalea_leaves":1,"minecraft:stone":59,"minecraft:white_wool":1,"minecraft:orange_bed":9,"farmersdelight:cooking_pot":1,"minecraft:sandstone_slab":9,"minecraft:smoker":3,"minecraft:brick_wall":2,"minecraft:smooth_sandstone":13,"minecraft:crafting_table":1,"minecraft:blast_furnace":1,"minecraft:poppy":1,"minecraft:chest":1,"minecraft:cobblestone":6,"born_in_chaos_v1:chipped_black_argillite_brick":1,"minecraft:cyan_bed":1,"supplementaries:urn":3,"farmersdelight:skillet":1,"minecraft:dark_oak_slab":1,"minecraft:sea_pickle":1,"minecraft:stripped_oak_wood":1,"minecraft:grass":9,"minecraft:oak_log":4,"minecraft:sand":1,"minecraft:dirt":7,"minecraft:cobweb":1,"minecraft:stripped_birch_wood":1,"minecraft:cracked_stone_bricks":4,"minecraft:stone_bricks":13,"minecraft:oak_leaves":14},"minecraft:custom":{"minecraft:mob_kills":58,"minecraft:interact_with_crafting_table":9,"minecraft:open_barrel":21,"minecraft:interact_with_campfire":15,"minecraft:damage_dealt_resisted":501,"minecraft:leave_game":1,"minecraft:time_since_death":70504,"minecraft:climb_one_cm":13465,"minecraft:damage_resisted":0,"minecraft:sprint_one_cm":353402,"minecraft:walk_one_cm":563199,"minecraft:damage_blocked_by_shield":210,"minecraft:drop":80,"minecraft:talked_to_villager":1,"minecraft:play_time":148910,"minecraft:deaths":8,"minecraft:sneak_time":8058,"minecraft:walk_under_water_one_cm":1600,"minecraft:jump":1709,"minecraft:walk_on_water_one_cm":2378,"minecraft:total_world_time":148910,"minecraft:interact_with_furnace":16,"minecraft:tune_noteblock":1,"minecraft:sleep_in_bed":4,"minecraft:time_since_rest":57748,"minecraft:damage_taken":7307,"minecraft:damage_absorbed":40,"minecraft:trigger_trapped_chest":1,"minecraft:damage_dealt":6256,"minecraft:swim_one_cm":2865,"minecraft:fly_one_cm":688966,"minecraft:open_chest":102,"minecraft:crouch_one_cm":25913,"minecraft:fall_one_cm":43157},"minecraft:killed":{"undead_revamp2:bigsucker":1,"born_in_chaos_v1:zombie_lumberjack":1,"alexsmobs:raccoon":1,"minecraft:vindicator":1,"born_in_chaos_v1:maggot":6,"minecraft:skeleton":5,"born_in_chaos_v1:spiritof_chaos":1,"minecraft:husk":1,"born_in_chaos_v1:spirit_guide_assistant":3,"born_in_chaos_v1:decrepit_skeleton":2,"minecraft:pillager":1,"minecraft:zombie":3,"born_in_chaos_v1:dread_hound":2,"born_in_chaos_v1:corpse_fly":11,"minecraft:stray":6,"undead_revamp2:theskeeper":1,"minecraft:cow":5},"minecraft:crafted":{"minecraft:oak_planks":8,"minecraft:furnace":1,"minecraft:wheat":63,"minecraft:cooked_beef":5,"minecraft:crafting_table":1,"minecraft:bread":21,"minecraft:air":0,"minecraft:stick":4,"quark:oak_chest":1,"minecraft:iron_pickaxe":1},"minecraft:killed_by":{"minecraft:zombie_villager":1,"minecraft:vindicator":1,"minecraft:zombie":1},"minecraft:broken":{"minecraft:iron_sword":1,"minecraft:iron_helmet":1},"minecraft:used":{"minecraft:trident":205,"minecraft:rose_bush":4,"minecraft:flint_and_steel":1,"minecraft:shield":8,"minecraft:iron_sword":305,"minecraft:iron_chestplate":1,"minecraft:orange_bed":6,"minecraft:dirt":112,"born_in_chaos_v1:corpse_maggot":10,"minecraft:iron_axe":8,"minecraft:smooth_sandstone":2,"minecraft:dark_oak_slab":1,"minecraft:stone_brick_stairs":1,"minecraft:stone_bricks":29,"minecraft:bow":18,"minecraft:golden_carrot":2,"minecraft:furnace":1,"minecraft:cooked_beef":5,"minecraft:potato":6,"minecraft:baked_potato":16,"minecraft:cracked_stone_bricks":10,"minecraft:white_wool":10,"minecraft:golden_apple":2,"minecraft:tnt":1,"minecraft:crafting_table":1,"minecraft:book":1,"minecraft:black_wool":6,"minecraft:apple":12,"minecraft:bread":44,"minecraft:iron_pickaxe":133,"ars_nouveau:purple_archwood_log":10,"supplementaries:rope":4,"minecraft:gravel":3,"minecraft:cobblestone":17,"minecraft:dark_oak_fence":1,"minecraft:jungle_door":1,"minecraft:sandstone_slab":1,"born_in_chaos_v1:wood_splitter_axe":2,"quark:oak_chest":1},"minecraft:dropped":{"minecraft:enchanted_book":4,"minecraft:bread":3,"minecraft:iron_sword":1,"born_in_chaos_v1:wood_splitter_axe":2,"born_in_chaos_v1:shattered_skull":1,"minecraft:wheat_seeds":1,"minecraft:sandstone_slab":2,"minecraft:cobblestone":2,"minecraft:book":3,"minecraft:leather":1,"minecraft:cracked_stone_bricks":2,"minecraft:stick":18,"born_in_chaos_v1:monster_flesh":2,"born_in_chaos_v1:monster_skin":2,"minecraft:rose_bush":1,"farmersdelight:onion":4,"gravestone:obituary":9,"minecraft:iron_axe":1,"minecraft:iron_pickaxe":2,"minecraft:orange_bed":2,"minecraft:chainmail_leggings":2,"minecraft:string":1,"irons_spellbooks:frozen_bone":1,"minecraft:bone":4,"minecraft:gravel":3,"minecraft:furnace":1,"minecraft:rotten_flesh":8,"minecraft:iron_boots":1,"quark:azalea_leaf_carpet":1,"minecraft:blast_furnace":1,"minecraft:chainmail_chestplate":1,"minecraft:tipped_arrow":4,"minecraft:turtle_helmet":1,"minecraft:trident":1,"minecraft:iron_chestplate":2,"minecraft:jungle_log":2,"apotheosis:gem":2,"minecraft:stone_bricks":26,"minecraft:bow":4,"minecraft:beef":9,"minecraft:stone_brick_stairs":3,"minecraft:cyan_bed":2,"minecraft:terracotta":1}},"DataVersion":3465}