{"stats":{"minecraft:custom":{"minecraft:jump":128,"minecraft:open_chest":2,"minecraft:time_since_rest":22239,"minecraft:crouch_one_cm":3604,"minecraft:leave_game":1,"minecraft:sprint_one_cm":3369,"minecraft:play_time":22239,"minecraft:time_since_death":22239,"minecraft:walk_one_cm":33708,"minecraft:sneak_time":746,"minecraft:total_world_time":22239,"minecraft:drop":6,"minecraft:fall_one_cm":569,"minecraft:fly_one_cm":22306},"minecraft:dropped":{"minecraft:arrow":6},"minecraft:picked_up":{"minecraft:arrow":6},"minecraft:used":{"minecraft:cracked_stone_bricks":1,"alexsmobs:animal_dictionary":1,"minecraft:stone_bricks":12}},"DataVersion":3465}