{"stats":{"minecraft:custom":{"minecraft:jump":71,"minecraft:open_chest":2,"minecraft:time_since_rest":17272,"minecraft:crouch_one_cm":3515,"minecraft:sprint_one_cm":3369,"minecraft:play_time":17272,"minecraft:time_since_death":17272,"minecraft:walk_one_cm":27649,"minecraft:sneak_time":734,"minecraft:total_world_time":17272,"minecraft:drop":6,"minecraft:fall_one_cm":569,"minecraft:fly_one_cm":8321},"minecraft:dropped":{"minecraft:arrow":6},"minecraft:picked_up":{"minecraft:arrow":6},"minecraft:used":{"alexsmobs:animal_dictionary":1}},"DataVersion":3465}